,Team1,Team2,Map,Map_Duration,Team1_Map_Score,Team1_Number_Of_CT_Rounds,Team1_Number_Of_T_Rounds,Team2_Map_Score,Team2_Number_Of_CT_Rounds,Team2_Number_Of_T_Rounds,Player_Name,Agent_Played,VLR_Total_Rating,VLR_CT_Rating,VLR_T_Rating,Total_ACS,CT_ACS,T_ACS,Total_Kills,CT_Kills,T_Kills,Total_Deaths,CT_Deaths,T_Deaths,Total_Assists,CT_Assists,T_Assists,Total_ADR,CT_ADR,T_ADR,Total_HeadShot%,CT_HeadShot%,T_HeadShot%,Total_First_Kills,CT_First_Kills,T_First_Kills,Total_First_Deaths,CT_First_Deaths,T_First_Deaths
0,XSET,FunPlus Phoenix,Pearl,1:13:37,13,5,8,11,4,7,Cryocells,Chamber,1.16,1.34,0.98,231,253,210,20,11,9,16,7,9,2,1,1,145,168,123,33%,25%,39%,6,4,2,3,2,1
1,XSET,FunPlus Phoenix,Pearl,1:13:37,13,5,8,11,4,7,zekken,Neon,1.05,1.53,0.56,222,314,131,18,13,5,18,7,11,7,4,3,153,226,80,21%,23%,16%,3,2,1,3,2,1
2,XSET,FunPlus Phoenix,Pearl,1:13:37,13,5,8,11,4,7,BcJ,Fade,0.98,1.01,0.95,185,180,191,16,8,8,15,7,8,7,4,3,115,105,125,24%,21%,28%,2,1,1,4,1,3
3,XSET,FunPlus Phoenix,Pearl,1:13:37,13,5,8,11,4,7,AYRIN,Astra,0.94,1.02,0.85,173,203,143,13,8,5,17,8,9,6,4,2,106,123,88,16%,14%,19%,0,0,0,0,0,0
4,XSET,FunPlus Phoenix,Pearl,1:13:37,13,5,8,11,4,7,dephh,Kayo,0.81,0.94,0.68,158,186,132,12,7,5,18,9,9,11,6,5,108,142,75,22%,21%,22%,0,0,0,3,0,3
5,XSET,FunPlus Phoenix,Pearl,1:13:37,13,5,8,11,4,7,Zyppan,Skye,1.20,1.28,1.12,231,230,232,19,9,10,16,7,9,3,3,0,149,158,141,46%,31%,77%,3,1,2,2,0,2
6,XSET,FunPlus Phoenix,Pearl,1:13:37,13,5,8,11,4,7,Shao,Astra,1.12,1.09,1.15,204,205,205,17,9,8,14,6,8,8,2,6,138,151,125,32%,40%,25%,1,0,1,1,1,0
7,XSET,FunPlus Phoenix,Pearl,1:13:37,13,5,8,11,4,7,ardiis,Chamber,0.97,1.60,0.34,232,326,140,21,14,7,17,4,13,0,0,0,145,204,86,31%,36%,21%,4,4,0,6,2,4
8,XSET,FunPlus Phoenix,Pearl,1:13:37,13,5,8,11,4,7,SUYGETSU,Sage,0.88,0.89,0.86,161,153,170,14,7,7,15,6,9,7,1,6,101,93,108,32%,54%,21%,1,1,0,1,1,0
9,XSET,FunPlus Phoenix,Pearl,1:13:37,13,5,8,11,4,7,ANGE1,Kayo,0.83,0.81,0.86,173,175,172,13,7,6,17,8,9,9,3,6,122,122,123,28%,22%,35%,4,2,2,1,0,1
10,XSET,FunPlus Phoenix,Bind,58:45,10,5,5,13,7,6,AYRIN,Viper,1.09,0.93,1.26,195,211,179,16,8,8,15,9,6,7,5,2,131,132,129,20%,15%,29%,1,1,0,0,0,0
11,XSET,FunPlus Phoenix,Bind,58:45,10,5,5,13,7,6,dephh,Astra,1.00,1.21,0.77,175,224,124,16,11,5,17,9,8,6,5,1,115,134,95,28%,33%,21%,1,1,0,1,1,0
12,XSET,FunPlus Phoenix,Bind,58:45,10,5,5,13,7,6,BcJ,Skye,0.97,1.04,0.88,252,249,256,19,9,10,17,8,9,9,8,1,150,148,153,13%,8%,23%,3,1,2,3,0,3
13,XSET,FunPlus Phoenix,Bind,58:45,10,5,5,13,7,6,Cryocells,Chamber,0.74,0.85,0.62,136,167,103,12,8,4,15,8,7,1,0,1,83,104,61,24%,27%,17%,1,0,1,4,3,1
14,XSET,FunPlus Phoenix,Bind,58:45,10,5,5,13,7,6,zekken,Raze,0.49,0.68,0.29,150,187,112,10,7,3,19,10,9,7,4,3,106,126,85,7%,10%,3%,3,2,1,6,3,3
15,XSET,FunPlus Phoenix,Bind,58:45,10,5,5,13,7,6,SUYGETSU,Viper,1.55,1.75,1.37,284,335,237,24,13,11,14,6,8,6,2,4,178,225,136,34%,33%,35%,2,1,1,1,0,1
16,XSET,FunPlus Phoenix,Bind,58:45,10,5,5,13,7,6,ardiis,Kayo,1.27,1.05,1.47,246,174,313,18,6,12,16,7,9,15,6,9,159,101,212,16%,18%,15%,5,2,3,0,0,0
17,XSET,FunPlus Phoenix,Bind,58:45,10,5,5,13,7,6,Shao,Fade,1.15,1.28,1.03,185,243,132,13,8,5,11,5,6,14,5,9,126,165,90,38%,28%,62%,0,0,0,3,2,1
18,XSET,FunPlus Phoenix,Bind,58:45,10,5,5,13,7,6,ANGE1,Brimstone,1.05,1.02,1.08,200,173,225,13,5,8,15,5,10,10,3,7,139,135,144,32%,28%,35%,1,0,1,2,1,1
19,XSET,FunPlus Phoenix,Bind,58:45,10,5,5,13,7,6,Zyppan,Raze,0.96,1.12,0.81,191,178,204,15,7,8,17,7,10,4,2,2,117,111,123,18%,19%,17%,6,4,2,3,1,2
20,XSET,FunPlus Phoenix,Ascent,1:00:10,11,6,5,13,7,6,zekken,Sova,,,,258,256,261,20,10,10,19,7,12,7,2,5,187,164,209,25%,16%,35%,3,2,1,1,0,1
21,XSET,FunPlus Phoenix,Ascent,1:00:10,11,6,5,13,7,6,Cryocells,Jett,,,,249,287,212,23,13,10,16,8,8,2,2,0,146,162,129,21%,6%,50%,7,3,4,6,3,3
22,XSET,FunPlus Phoenix,Ascent,1:00:10,11,6,5,13,7,6,BcJ,Omen,,,,188,189,188,18,9,9,16,8,8,3,0,3,114,118,110,15%,17%,14%,4,3,1,1,1,0
23,XSET,FunPlus Phoenix,Ascent,1:00:10,11,6,5,13,7,6,AYRIN,Killjoy,,,,179,227,132,14,9,5,19,11,8,2,1,1,135,174,96,21%,30%,11%,0,0,0,0,0,0
24,XSET,FunPlus Phoenix,Ascent,1:00:10,11,6,5,13,7,6,dephh,Kayo,,,,150,124,177,11,4,7,16,9,7,12,6,6,111,98,124,27%,30%,25%,0,0,0,2,0,2
25,XSET,FunPlus Phoenix,Ascent,1:00:10,11,6,5,13,7,6,ardiis,Jett,,,,235,265,207,19,11,8,18,9,9,5,1,4,162,170,154,19%,12%,28%,3,3,0,3,1,2
26,XSET,FunPlus Phoenix,Ascent,1:00:10,11,6,5,13,7,6,SUYGETSU,Sage,,,,207,160,255,18,7,11,17,9,8,5,2,3,136,106,166,43%,35%,48%,1,1,0,3,2,1
27,XSET,FunPlus Phoenix,Ascent,1:00:10,11,6,5,13,7,6,ANGE1,Omen,,,,206,171,242,17,6,11,18,8,10,9,3,6,123,107,140,28%,20%,35%,1,0,1,3,2,1
28,XSET,FunPlus Phoenix,Ascent,1:00:10,11,6,5,13,7,6,Shao,Fade,,,,189,273,106,17,12,5,15,6,9,5,1,4,138,205,71,31%,40%,16%,1,1,0,1,0,1
29,XSET,FunPlus Phoenix,Ascent,1:00:10,11,6,5,13,7,6,Zyppan,Kayo,,,,183,145,222,15,6,9,18,9,9,11,4,7,120,102,139,38%,46%,33%,4,1,3,4,1,3
30,LOUD,OpTic Gaming,Bind,56:34,13,7,6,10,6,4,pANcada,Brimstone,1.40,1.13,1.69,247,248,248,20,10,10,14,9,5,9,2,7,155,155,155,40%,40%,39%,5,4,1,2,2,0
31,LOUD,OpTic Gaming,Bind,56:34,13,7,6,10,6,4,Less,Viper,1.29,1.39,1.18,208,242,171,17,10,7,11,6,5,7,4,3,139,162,114,20%,18%,24%,2,2,0,1,0,1
32,LOUD,OpTic Gaming,Bind,56:34,13,7,6,10,6,4,aspas,Raze,1.05,1.32,0.75,225,257,191,17,12,5,18,9,9,9,4,5,163,168,157,20%,23%,17%,3,2,1,1,0,1
33,LOUD,OpTic Gaming,Bind,56:34,13,7,6,10,6,4,saadhak,Skye,0.95,0.65,1.29,154,116,196,12,4,8,14,8,6,7,4,3,105,86,126,37%,20%,56%,2,0,2,5,2,3
34,LOUD,OpTic Gaming,Bind,56:34,13,7,6,10,6,4,Sacy,Fade,0.80,0.87,0.73,167,155,182,13,5,8,16,8,8,6,5,1,109,113,105,30%,28%,32%,1,0,1,1,0,1
35,LOUD,OpTic Gaming,Bind,56:34,13,7,6,10,6,4,yay,Chamber,1.23,1.24,1.21,269,282,257,22,10,12,16,7,9,0,0,0,174,170,177,42%,35%,47%,5,3,2,1,0,1
36,LOUD,OpTic Gaming,Bind,56:34,13,7,6,10,6,4,crashies,Skye,1.21,1.38,1.05,186,232,144,15,9,6,13,6,7,9,3,6,118,150,88,27%,28%,26%,0,0,0,1,0,1
37,LOUD,OpTic Gaming,Bind,56:34,13,7,6,10,6,4,Victor,Raze,1.05,1.12,0.98,244,257,233,18,9,9,17,8,9,4,2,2,156,155,157,20%,14%,29%,4,3,1,5,2,3
38,LOUD,OpTic Gaming,Bind,56:34,13,7,6,10,6,4,Marved,Brimstone,0.70,0.48,0.91,169,139,198,12,4,8,15,8,7,3,1,2,116,104,127,41%,47%,35%,1,0,1,4,2,2
39,LOUD,OpTic Gaming,Bind,56:34,13,7,6,10,6,4,FiNESSE,Viper,0.43,0.22,0.61,108,65,147,6,1,5,18,9,9,5,2,3,74,57,90,12%,10%,15%,0,0,0,2,1,1
40,LOUD,OpTic Gaming,Ascent,38:19,13,9,4,3,0,3,pANcada,Omen,1.54,1.77,1.47,226,363,181,15,5,10,6,2,4,11,0,11,142,207,120,37%,21%,64%,1,0,1,0,0,0
41,LOUD,OpTic Gaming,Ascent,38:19,13,9,4,3,0,3,Less,Killjoy,1.28,1.35,1.26,220,169,238,14,4,10,9,2,7,2,0,2,159,130,168,35%,33%,36%,2,0,2,1,0,1
42,LOUD,OpTic Gaming,Ascent,38:19,13,9,4,3,0,3,Sacy,Sova,1.27,0.80,1.42,210,99,248,10,1,9,8,2,6,6,3,3,155,88,178,15%,0%,19%,0,0,0,1,0,1
43,LOUD,OpTic Gaming,Ascent,38:19,13,9,4,3,0,3,saadhak,Kayo,1.09,0.53,1.28,216,120,249,11,1,10,11,3,8,10,2,8,145,87,165,15%,10%,17%,3,1,2,2,1,1
44,LOUD,OpTic Gaming,Ascent,38:19,13,9,4,3,0,3,aspas,Jett,1.06,2.73,0.51,244,508,156,15,8,7,11,1,10,0,0,0,125,244,86,24%,13%,32%,4,2,2,2,0,2
45,LOUD,OpTic Gaming,Ascent,38:19,13,9,4,3,0,3,crashies,Sova,1.17,1.22,1.02,280,291,250,13,10,3,13,9,4,6,4,2,189,202,153,22%,16%,56%,3,3,0,1,1,0
46,LOUD,OpTic Gaming,Ascent,38:19,13,9,4,3,0,3,yay,Chamber,0.91,1.07,0.44,183,202,127,11,9,2,12,8,4,0,0,0,126,142,76,36%,39%,29%,3,2,1,4,3,1
47,LOUD,OpTic Gaming,Ascent,38:19,13,9,4,3,0,3,Marved,Astra,0.81,1.02,0.18,164,185,102,9,8,1,13,9,4,6,5,1,119,136,66,25%,22%,50%,0,0,0,1,0,1
48,LOUD,OpTic Gaming,Ascent,38:19,13,9,4,3,0,3,Victor,Kayo,0.65,0.61,0.76,174,154,238,7,4,3,14,10,4,9,7,2,127,121,143,33%,26%,57%,0,0,0,4,3,1
49,LOUD,OpTic Gaming,Ascent,38:19,13,9,4,3,0,3,FiNESSE,Fade,0.39,0.48,0.13,75,85,47,5,4,1,13,9,4,2,2,0,52,61,24,11%,13%,0%,0,0,0,0,0,0
50,FunPlus Phoenix,DRX,Icebox,1:10:16,11,6,5,13,7,6,Zyppan,Raze,1.51,2.01,1.01,345,448,244,27,17,10,18,8,10,4,1,3,225,275,175,22%,17%,33%,6,3,3,4,0,4
51,FunPlus Phoenix,DRX,Icebox,1:10:16,11,6,5,13,7,6,ardiis,Chamber,1.03,1.18,0.88,255,243,268,22,10,12,20,8,12,3,2,1,161,140,183,24%,17%,30%,6,4,2,3,1,2
52,FunPlus Phoenix,DRX,Icebox,1:10:16,11,6,5,13,7,6,SUYGETSU,Viper,1.00,1.06,0.93,201,201,202,17,8,9,16,8,8,7,5,2,122,122,123,33%,26%,39%,2,2,0,0,0,0
53,FunPlus Phoenix,DRX,Icebox,1:10:16,11,6,5,13,7,6,Shao,Sage,0.67,0.51,0.83,110,101,121,10,4,6,18,11,7,12,8,4,70,59,80,23%,15%,28%,1,0,1,0,0,0
54,FunPlus Phoenix,DRX,Icebox,1:10:16,11,6,5,13,7,6,ANGE1,Fade,0.34,0.11,0.57,84,58,112,5,2,3,20,11,9,9,3,6,72,53,91,23%,33%,19%,0,0,0,2,2,0
55,FunPlus Phoenix,DRX,Icebox,1:10:16,11,6,5,13,7,6,MaKo,Viper,1.49,1.25,1.72,298,230,366,24,9,15,15,7,8,12,5,7,194,155,234,36%,41%,32%,0,0,0,2,1,1
56,FunPlus Phoenix,DRX,Icebox,1:10:16,11,6,5,13,7,6,BuZz,Chamber,1.45,1.72,1.19,264,291,237,22,13,9,15,7,8,5,0,5,174,189,160,21%,21%,21%,1,1,0,1,0,1
57,FunPlus Phoenix,DRX,Icebox,1:10:16,11,6,5,13,7,6,Zest,Fade,0.95,1.13,0.77,189,210,168,15,9,6,17,9,8,11,6,5,123,142,104,33%,21%,57%,2,1,1,1,0,1
58,FunPlus Phoenix,DRX,Icebox,1:10:16,11,6,5,13,7,6,Rb,Kayo,0.90,1.32,0.48,219,261,177,17,10,7,19,8,11,7,5,2,137,169,105,18%,16%,21%,4,2,2,5,1,4
59,FunPlus Phoenix,DRX,Icebox,1:10:16,11,6,5,13,7,6,stax,Sage,0.89,0.56,1.23,158,143,174,14,5,9,15,9,6,3,2,1,111,94,129,39%,31%,47%,2,2,0,6,4,2
60,FunPlus Phoenix,DRX,Haven,50:53,9,0,9,13,3,10,ardiis,Chamber,1.15,1.57,0.65,257,281,230,20,14,6,16,6,10,3,1,2,165,168,160,19%,23%,15%,5,4,1,2,0,2
61,FunPlus Phoenix,DRX,Haven,50:53,9,0,9,13,3,10,Shao,Sova,1.03,1.39,0.61,171,165,180,12,7,5,13,4,9,8,7,1,109,99,122,25%,22%,29%,0,0,0,1,0,1
62,FunPlus Phoenix,DRX,Haven,50:53,9,0,9,13,3,10,SUYGETSU,Viper,1.03,1.68,0.25,218,311,107,16,14,2,16,6,10,7,6,1,161,221,89,28%,31%,19%,1,1,0,2,2,0
63,FunPlus Phoenix,DRX,Haven,50:53,9,0,9,13,3,10,Zyppan,Raze,1.00,1.56,0.33,210,286,120,16,12,4,16,6,10,3,3,0,139,180,90,15%,13%,23%,4,4,0,4,0,4
64,FunPlus Phoenix,DRX,Haven,50:53,9,0,9,13,3,10,ANGE1,Omen,0.20,0.07,0.34,89,99,79,7,4,3,20,11,9,1,1,0,60,64,54,23%,21%,25%,0,0,0,3,1,2
65,FunPlus Phoenix,DRX,Haven,50:53,9,0,9,13,3,10,MaKo,Omen,1.37,1.63,1.15,265,284,250,21,11,10,15,5,10,9,2,7,153,168,141,35%,32%,38%,4,4,0,2,0,2
66,FunPlus Phoenix,DRX,Haven,50:53,9,0,9,13,3,10,BuZz,Jett,1.23,2.27,0.37,281,456,137,22,17,5,16,4,12,3,1,2,173,273,90,35%,47%,20%,6,3,3,3,0,3
67,FunPlus Phoenix,DRX,Haven,50:53,9,0,9,13,3,10,Zest,Fade,1.18,1.68,0.76,212,302,139,17,11,6,13,4,9,5,4,1,142,191,102,54%,65%,44%,2,2,0,2,1,1
68,FunPlus Phoenix,DRX,Haven,50:53,9,0,9,13,3,10,stax,Breach,1.02,1.41,0.69,154,168,144,12,7,5,12,3,9,8,4,4,103,114,93,44%,54%,36%,0,0,0,1,0,1
69,FunPlus Phoenix,DRX,Haven,50:53,9,0,9,13,3,10,Rb,Killjoy,0.69,0.65,0.73,126,61,181,9,2,7,15,4,11,4,2,2,82,44,112,15%,15%,14%,0,0,0,2,0,2
70,OpTic Gaming,DRX,Bind,1:04:58,13,7,6,8,3,5,Victor,Raze,1.22,1.49,1.02,275,295,260,20,10,10,13,4,9,4,0,4,172,183,163,21%,42%,10%,3,2,1,1,0,1
71,OpTic Gaming,DRX,Bind,1:04:58,13,7,6,8,3,5,FiNESSE,Viper,1.18,1.24,1.14,246,246,246,17,7,10,14,6,8,7,2,5,171,171,171,31%,27%,33%,1,1,0,2,0,2
72,OpTic Gaming,DRX,Bind,1:04:58,13,7,6,8,3,5,yay,Chamber,1.13,1.55,0.81,220,279,176,16,9,7,14,6,8,3,1,2,155,188,131,30%,27%,32%,4,1,3,2,0,2
73,OpTic Gaming,DRX,Bind,1:04:58,13,7,6,8,3,5,crashies,Skye,0.86,0.62,1.03,124,75,162,10,3,7,11,5,6,2,0,2,91,58,116,21%,9%,27%,1,0,1,3,2,1
74,OpTic Gaming,DRX,Bind,1:04:58,13,7,6,8,3,5,Marved,Brimstone,0.75,0.40,1.02,130,78,169,10,2,8,13,7,6,6,3,3,90,68,107,29%,38%,25%,1,1,0,3,2,1
75,OpTic Gaming,DRX,Bind,1:04:58,13,7,6,8,3,5,MaKo,Viper,1.18,1.09,1.30,214,163,283,16,7,9,13,7,6,7,5,2,127,102,161,20%,17%,25%,3,1,2,1,1,0
76,OpTic Gaming,DRX,Bind,1:04:58,13,7,6,8,3,5,BuZz,Raze,1.05,0.97,1.16,224,190,272,14,6,8,17,9,8,9,6,3,151,126,184,21%,24%,18%,4,3,1,4,1,3
77,OpTic Gaming,DRX,Bind,1:04:58,13,7,6,8,3,5,stax,Skye,0.96,1.08,0.80,155,174,131,13,8,5,13,7,6,4,2,2,99,99,99,30%,28%,33%,1,0,1,2,2,0
78,OpTic Gaming,DRX,Bind,1:04:58,13,7,6,8,3,5,Rb,Astra,0.91,1.11,0.63,150,200,85,11,9,2,13,8,5,4,2,2,98,119,69,18%,12%,40%,0,0,0,1,0,1
79,OpTic Gaming,DRX,Bind,1:04:58,13,7,6,8,3,5,Zest,Fade,0.74,0.79,0.67,151,176,119,11,7,4,17,11,6,6,2,4,101,128,67,28%,40%,15%,3,3,0,2,1,1
80,OpTic Gaming,DRX,Breeze,41:09,13,5,8,5,4,1,yay,Chamber,1.71,1.86,1.41,282,326,197,19,14,5,5,4,1,0,0,0,171,200,114,21%,11%,50%,5,4,1,2,1,1
81,OpTic Gaming,DRX,Breeze,41:09,13,5,8,5,4,1,crashies,Sova,1.58,1.51,1.73,267,297,208,19,14,5,7,6,1,7,5,2,169,178,153,35%,33%,38%,2,2,0,1,1,0
82,OpTic Gaming,DRX,Breeze,41:09,13,5,8,5,4,1,Victor,Jett,1.30,0.87,2.14,190,87,397,12,3,9,6,4,2,3,2,1,112,68,200,30%,17%,36%,3,0,3,1,1,0
83,OpTic Gaming,DRX,Breeze,41:09,13,5,8,5,4,1,FiNESSE,Viper,1.29,1.31,1.26,197,233,127,11,9,2,7,6,1,12,7,5,128,148,90,22%,19%,30%,1,1,0,1,1,0
84,OpTic Gaming,DRX,Breeze,41:09,13,5,8,5,4,1,Marved,Kayo,1.05,1.06,1.03,176,179,171,10,6,4,8,6,2,12,12,0,113,107,125,26%,22%,33%,2,1,1,0,0,0
85,OpTic Gaming,DRX,Breeze,41:09,13,5,8,5,4,1,BuZz,Jett,0.82,0.95,0.75,204,206,204,12,4,8,15,5,10,0,0,0,136,137,135,36%,67%,26%,3,0,3,5,1,4
86,OpTic Gaming,DRX,Breeze,41:09,13,5,8,5,4,1,MaKo,Viper,0.74,0.29,0.97,137,119,147,6,1,5,15,6,9,7,2,5,95,91,96,25%,29%,24%,2,1,1,0,0,0
87,OpTic Gaming,DRX,Breeze,41:09,13,5,8,5,4,1,Zest,Sova,0.60,0.33,0.73,106,70,125,6,1,5,14,5,9,3,0,3,62,45,70,8%,0%,13%,0,0,0,2,1,1
88,OpTic Gaming,DRX,Breeze,41:09,13,5,8,5,4,1,Rb,Chamber,0.53,0.31,0.64,115,68,139,7,1,6,14,5,9,0,0,0,78,51,91,39%,17%,50%,0,0,0,4,2,2
89,OpTic Gaming,DRX,Breeze,41:09,13,5,8,5,4,1,stax,Skye,0.26,0.04,0.37,49,8,70,2,0,2,13,3,10,3,0,3,35,8,49,20%,0%,22%,0,0,0,2,1,1
90,OpTic Gaming,DRX,Fracture,48:14,8,3,5,13,7,6,crashies,Kayo,1.14,1.31,0.91,258,283,226,18,11,7,17,9,8,9,8,1,163,188,129,24%,26%,20%,5,4,1,2,1,1
91,OpTic Gaming,DRX,Fracture,48:14,8,3,5,13,7,6,FiNESSE,Breach,0.97,1.21,0.66,190,203,173,15,9,6,17,9,8,10,7,3,130,138,120,25%,31%,19%,0,0,0,3,1,2
92,OpTic Gaming,DRX,Fracture,48:14,8,3,5,13,7,6,Marved,Brimstone,0.95,1.02,0.86,190,222,149,14,9,5,15,7,8,10,6,4,117,126,104,20%,12%,35%,2,2,0,1,1,0
93,OpTic Gaming,DRX,Fracture,48:14,8,3,5,13,7,6,yay,Chamber,0.88,1.15,0.52,220,284,136,17,13,4,15,7,8,1,1,0,137,175,87,26%,33%,10%,2,1,1,1,0,1
94,OpTic Gaming,DRX,Fracture,48:14,8,3,5,13,7,6,Victor,Neon,0.51,0.74,0.21,111,142,71,7,5,2,17,9,8,5,4,1,74,100,41,23%,28%,10%,2,2,0,3,0,3
95,OpTic Gaming,DRX,Fracture,48:14,8,3,5,13,7,6,MaKo,Brimstone,1.86,2.05,1.71,373,392,360,27,11,16,13,4,9,9,3,6,246,255,240,33%,34%,33%,1,1,0,2,1,1
96,OpTic Gaming,DRX,Fracture,48:14,8,3,5,13,7,6,BuZz,Chamber,1.02,1.12,0.94,212,198,224,14,6,8,14,5,9,4,3,1,147,127,162,28%,15%,35%,3,2,1,1,1,0
97,OpTic Gaming,DRX,Fracture,48:14,8,3,5,13,7,6,Zest,Fade,1.02,1.24,0.86,176,184,170,13,6,7,13,4,9,6,2,4,119,121,118,31%,50%,21%,2,2,0,0,0,0
98,OpTic Gaming,DRX,Fracture,48:14,8,3,5,13,7,6,stax,Breach,0.82,0.71,0.90,134,123,143,12,5,7,15,6,9,4,2,2,110,86,128,34%,23%,41%,0,0,0,1,0,1
99,OpTic Gaming,DRX,Fracture,48:14,8,3,5,13,7,6,Rb,Neon,0.71,1.50,0.12,199,280,139,15,9,6,16,4,12,3,3,0,129,191,82,16%,15%,17%,4,2,2,7,0,7
100,OpTic Gaming,DRX,Ascent,50:22,6,3,3,13,9,4,yay,Jett,1.09,1.25,0.83,245,280,188,16,11,5,14,9,5,1,1,0,148,177,98,41%,32%,71%,6,4,2,5,3,2
101,OpTic Gaming,DRX,Ascent,50:22,6,3,3,13,9,4,Victor,Kayo,1.02,0.89,1.26,211,181,263,11,6,5,13,8,5,11,4,7,145,120,186,29%,28%,29%,0,0,0,2,1,1
102,OpTic Gaming,DRX,Ascent,50:22,6,3,3,13,9,4,Marved,Omen,0.95,0.94,0.98,192,175,221,13,8,5,17,11,6,6,3,3,121,109,143,29%,40%,19%,2,2,0,1,0,1
103,OpTic Gaming,DRX,Ascent,50:22,6,3,3,13,9,4,crashies,Sova,0.56,0.53,0.60,108,126,78,6,5,1,14,9,5,4,1,3,83,87,76,19%,19%,20%,0,0,0,1,1,0
104,OpTic Gaming,DRX,Ascent,50:22,6,3,3,13,9,4,FiNESSE,Killjoy,0.36,0.44,0.22,105,115,89,6,4,2,16,10,6,3,3,0,87,96,70,19%,31%,6%,0,0,0,2,1,1
105,OpTic Gaming,DRX,Ascent,50:22,6,3,3,13,9,4,BuZz,Jett,1.78,2.32,1.46,386,475,335,26,12,14,12,4,8,4,1,3,247,310,211,32%,39%,26%,7,3,4,4,0,4
106,OpTic Gaming,DRX,Ascent,50:22,6,3,3,13,9,4,MaKo,Astra,1.32,1.66,1.12,188,199,183,13,5,8,8,2,6,13,6,7,139,174,118,29%,30%,29%,0,0,0,0,0,0
107,OpTic Gaming,DRX,Ascent,50:22,6,3,3,13,9,4,stax,Fade,1.30,1.05,1.44,186,120,225,13,4,9,9,3,6,6,0,6,114,75,137,32%,25%,35%,1,0,1,0,0,0
108,OpTic Gaming,DRX,Ascent,50:22,6,3,3,13,9,4,Zest,Sova,1.24,0.78,1.51,201,101,261,13,1,12,8,3,5,5,1,4,142,73,182,37%,33%,38%,1,0,1,1,1,0
109,OpTic Gaming,DRX,Ascent,50:22,6,3,3,13,9,4,Rb,Kayo,0.62,0.73,0.55,137,174,116,9,4,5,15,6,9,10,3,7,89,115,74,25%,22%,29%,2,2,0,3,1,2
110,OpTic Gaming,DRX,Haven,51:53,13,5,8,10,4,6,Marved,Omen,1.57,1.85,1.27,249,304,190,22,14,8,13,5,8,10,7,3,157,198,112,44%,36%,67%,1,0,1,0,0,0
111,OpTic Gaming,DRX,Haven,51:53,13,5,8,10,4,6,yay,Chamber,1.38,1.69,1.04,258,310,203,23,14,9,12,5,7,2,1,1,171,200,139,24%,27%,21%,4,3,1,0,0,0
112,OpTic Gaming,DRX,Haven,51:53,13,5,8,10,4,6,Victor,Phoenix,1.34,0.84,1.88,265,165,375,20,5,15,14,7,7,6,4,2,182,127,241,30%,18%,39%,3,1,2,1,0,1
113,OpTic Gaming,DRX,Haven,51:53,13,5,8,10,4,6,FiNESSE,Killjoy,1.15,1.44,0.84,208,241,172,15,10,5,12,5,7,7,3,4,129,137,121,22%,35%,13%,1,1,0,3,1,2
114,OpTic Gaming,DRX,Haven,51:53,13,5,8,10,4,6,crashies,Fade,0.56,0.51,0.61,127,131,125,9,5,4,17,9,8,13,4,9,73,77,70,18%,25%,11%,3,2,1,7,4,3
115,OpTic Gaming,DRX,Haven,51:53,13,5,8,10,4,6,Rb,Killjoy,1.15,0.91,1.38,216,180,250,16,6,10,16,8,8,3,3,0,154,138,169,26%,14%,41%,0,0,0,1,1,0
116,OpTic Gaming,DRX,Haven,51:53,13,5,8,10,4,6,stax,Breach,0.80,1.17,0.46,152,215,96,13,9,4,17,7,10,4,1,3,116,168,69,43%,43%,44%,1,1,0,0,0,0
117,OpTic Gaming,DRX,Haven,51:53,13,5,8,10,4,6,MaKo,Omen,0.80,0.84,0.76,148,170,130,12,7,5,17,8,9,7,3,4,106,128,85,26%,38%,14%,2,1,1,2,1,1
118,OpTic Gaming,DRX,Haven,51:53,13,5,8,10,4,6,BuZz,Jett,0.65,0.79,0.52,159,140,176,12,6,6,19,8,11,1,0,1,100,92,108,26%,23%,29%,7,3,4,5,1,4
119,OpTic Gaming,DRX,Haven,51:53,13,5,8,10,4,6,Zest,Fade,0.63,0.64,0.61,191,219,166,15,9,6,20,10,10,3,0,3,128,140,117,36%,42%,30%,1,1,0,4,2,2
120,LOUD,OpTic Gaming,Ascent,1:23:44,15,5,7,13,5,7,Sacy,Sova,1.83,1.82,1.83,313,361,265,32,18,14,15,8,7,14,6,8,183,209,158,20%,20%,21%,3,2,1,0,0,0
121,LOUD,OpTic Gaming,Ascent,1:23:44,15,5,7,13,5,7,pANcada,Omen,1.02,1.05,0.99,179,167,192,18,8,10,19,7,12,12,8,4,121,122,120,29%,31%,27%,2,2,0,2,1,1
122,LOUD,OpTic Gaming,Ascent,1:23:44,15,5,7,13,5,7,Less,Killjoy,1.01,1.28,0.74,198,234,164,19,11,8,20,9,11,4,3,1,135,150,121,20%,14%,32%,2,2,0,2,0,2
123,LOUD,OpTic Gaming,Ascent,1:23:44,15,5,7,13,5,7,saadhak,Kayo,0.96,1.02,0.91,202,204,201,18,11,7,22,10,12,17,5,12,131,141,121,29%,33%,25%,3,1,2,5,3,2
124,LOUD,OpTic Gaming,Ascent,1:23:44,15,5,7,13,5,7,aspas,Jett,0.86,0.85,0.88,219,223,216,21,11,10,23,12,11,8,5,3,141,142,140,25%,30%,21%,5,3,2,4,0,4
125,LOUD,OpTic Gaming,Ascent,1:23:44,15,5,7,13,5,7,FiNESSE,Killjoy,1.11,0.96,1.26,218,230,208,20,11,9,20,11,9,8,3,5,156,164,148,19%,15%,23%,0,0,0,0,0,0
126,LOUD,OpTic Gaming,Ascent,1:23:44,15,5,7,13,5,7,yay,Jett,1.03,1.33,0.73,247,295,201,27,16,11,23,10,13,0,0,0,149,168,129,27%,25%,30%,5,4,1,4,1,3
127,LOUD,OpTic Gaming,Ascent,1:23:44,15,5,7,13,5,7,crashies,Sova,0.95,0.98,0.93,217,204,231,21,8,13,21,10,11,12,9,3,146,161,132,21%,28%,14%,2,1,1,5,1,4
128,LOUD,OpTic Gaming,Ascent,1:23:44,15,5,7,13,5,7,Marved,Omen,0.91,1.16,0.65,213,237,191,21,12,9,22,9,13,6,3,3,137,161,113,35%,29%,43%,4,3,1,2,1,1
129,LOUD,OpTic Gaming,Ascent,1:23:44,15,5,7,13,5,7,Victor,Kayo,0.54,0.56,0.52,119,108,131,10,5,5,22,9,13,16,6,10,83,74,91,21%,29%,15%,2,1,1,4,2,2
130,LOUD,OpTic Gaming,Bind,56:19,6,4,2,13,10,3,saadhak,Skye,0.89,0.58,1.42,181,122,282,11,5,6,14,10,4,5,1,4,111,83,159,27%,35%,21%,1,1,0,5,3,2
131,LOUD,OpTic Gaming,Bind,56:19,6,4,2,13,10,3,pANcada,Brimstone,0.88,0.77,1.07,171,159,194,11,6,5,14,10,4,3,3,0,116,121,108,23%,30%,10%,1,1,0,0,0,0
132,LOUD,OpTic Gaming,Bind,56:19,6,4,2,13,10,3,aspas,Raze,0.83,0.62,1.18,170,163,183,11,6,5,14,11,3,1,1,0,118,115,122,28%,32%,21%,2,1,1,1,1,0
133,LOUD,OpTic Gaming,Bind,56:19,6,4,2,13,10,3,Sacy,Fade,0.80,0.97,0.50,153,215,49,9,8,1,14,10,4,6,3,3,100,139,32,16%,15%,17%,3,3,0,2,1,1
134,LOUD,OpTic Gaming,Bind,56:19,6,4,2,13,10,3,Less,Viper,0.53,0.50,0.56,160,127,219,10,5,5,16,10,6,4,2,2,108,77,161,23%,18%,28%,0,0,0,3,1,2
135,LOUD,OpTic Gaming,Bind,56:19,6,4,2,13,10,3,Marved,Brimstone,1.45,1.33,1.53,243,163,291,18,4,14,10,1,9,6,3,3,159,120,181,30%,13%,39%,2,0,2,1,0,1
136,LOUD,OpTic Gaming,Bind,56:19,6,4,2,13,10,3,yay,Chamber,1.26,0.51,1.70,246,162,296,18,4,14,12,7,5,2,0,2,168,103,205,19%,20%,19%,4,3,1,2,1,1
137,LOUD,OpTic Gaming,Bind,56:19,6,4,2,13,10,3,FiNESSE,Viper,1.02,0.84,1.12,191,184,196,12,4,8,10,4,6,5,2,3,128,136,123,19%,33%,10%,1,0,1,0,0,0
138,LOUD,OpTic Gaming,Bind,56:19,6,4,2,13,10,3,crashies,Skye,1.01,0.73,1.18,173,187,165,12,4,8,10,4,6,6,2,4,114,128,105,34%,36%,33%,2,1,1,2,0,2
139,LOUD,OpTic Gaming,Bind,56:19,6,4,2,13,10,3,Victor,Raze,0.95,1.06,0.89,188,210,176,12,5,7,10,2,8,3,0,3,124,131,120,18%,19%,17%,3,2,1,3,0,3
140,LOUD,OpTic Gaming,Breeze,1:10:53,16,6,6,14,6,6,saadhak,Kayo,1.21,1.00,1.43,207,195,220,21,8,13,17,9,8,11,6,5,127,135,119,17%,20%,15%,0,0,0,5,3,2
141,LOUD,OpTic Gaming,Breeze,1:10:53,16,6,6,14,6,6,aspas,Jett,1.18,1.19,1.17,238,216,260,26,12,14,18,8,10,2,1,1,136,121,151,22%,14%,35%,7,2,5,5,3,2
142,LOUD,OpTic Gaming,Breeze,1:10:53,16,6,6,14,6,6,Sacy,Sova,1.16,1.51,0.80,166,239,95,18,13,5,15,7,8,10,3,7,118,170,65,41%,41%,40%,2,2,0,4,1,3
143,LOUD,OpTic Gaming,Breeze,1:10:53,16,6,6,14,6,6,Less,Cypher,1.16,0.95,1.37,222,198,247,23,10,13,18,9,9,2,0,2,145,125,165,45%,48%,43%,2,2,0,3,1,2
144,LOUD,OpTic Gaming,Breeze,1:10:53,16,6,6,14,6,6,pANcada,Viper,1.10,1.24,0.95,208,200,218,21,10,11,19,7,12,8,3,5,153,152,154,31%,24%,38%,1,1,0,1,0,1
145,LOUD,OpTic Gaming,Breeze,1:10:53,16,6,6,14,6,6,yay,Chamber,1.04,1.07,1.01,212,223,202,22,12,10,21,11,10,4,2,2,137,137,138,22%,16%,29%,3,2,1,2,0,2
146,LOUD,OpTic Gaming,Breeze,1:10:53,16,6,6,14,6,6,crashies,Sova,1.02,1.35,0.70,226,294,158,24,16,8,23,11,12,4,1,3,145,185,105,31%,32%,29%,2,1,1,1,0,1
147,LOUD,OpTic Gaming,Breeze,1:10:53,16,6,6,14,6,6,Victor,Jett,0.97,1.07,0.86,204,217,191,22,12,10,22,10,12,1,1,0,136,133,140,30%,36%,25%,8,5,3,4,3,1
148,LOUD,OpTic Gaming,Breeze,1:10:53,16,6,6,14,6,6,Marved,Kayo,0.56,0.21,0.91,113,66,162,11,3,8,22,12,10,8,3,5,85,45,126,28%,25%,29%,3,1,2,3,0,3
149,LOUD,OpTic Gaming,Breeze,1:10:53,16,6,6,14,6,6,FiNESSE,Viper,0.43,0.24,0.62,90,85,95,8,4,4,21,12,9,5,0,5,66,65,67,14%,25%,8%,2,1,1,2,2,0
150,LOUD,OpTic Gaming,Haven,41:16,13,6,7,5,5,0,Less,Chamber,1.57,1.22,2.28,244,228,278,17,9,8,7,6,1,3,3,0,148,142,162,34%,40%,29%,2,2,0,1,1,0
151,LOUD,OpTic Gaming,Haven,41:16,13,6,7,5,5,0,Sacy,Fade,1.28,1.13,1.58,173,162,198,11,7,4,7,6,1,14,11,3,105,94,128,28%,14%,71%,0,0,0,1,1,0
152,LOUD,OpTic Gaming,Haven,41:16,13,6,7,5,5,0,pANcada,Omen,1.27,1.11,1.58,256,202,364,15,8,7,10,7,3,16,9,7,160,139,203,41%,35%,50%,2,1,1,2,1,1
153,LOUD,OpTic Gaming,Haven,41:16,13,6,7,5,5,0,saadhak,Breach,1.27,1.19,1.44,232,233,231,15,11,4,10,8,2,5,3,2,148,154,137,25%,26%,24%,0,0,0,1,1,0
154,LOUD,OpTic Gaming,Haven,41:16,13,6,7,5,5,0,aspas,Raze,0.99,1.22,0.53,227,270,141,13,10,3,13,9,4,4,2,2,151,172,110,15%,15%,17%,3,3,0,6,2,4
155,LOUD,OpTic Gaming,Haven,41:16,13,6,7,5,5,0,Marved,Omen,1.15,1.03,1.21,196,210,190,12,4,8,12,4,8,7,4,3,115,130,108,26%,40%,20%,1,0,1,1,0,1
156,LOUD,OpTic Gaming,Haven,41:16,13,6,7,5,5,0,Victor,Phoenix,0.88,0.22,1.21,220,111,276,13,1,12,15,6,9,5,3,2,133,84,157,22%,7%,28%,4,1,3,0,0,0
157,LOUD,OpTic Gaming,Haven,41:16,13,6,7,5,5,0,yay,Chamber,0.81,0.45,0.99,164,119,187,11,3,8,12,4,8,1,0,1,100,74,113,44%,40%,45%,2,1,1,2,1,1
158,LOUD,OpTic Gaming,Haven,41:16,13,6,7,5,5,0,crashies,Fade,0.36,0.04,0.52,113,78,131,6,0,6,15,4,11,2,2,0,85,79,88,16%,7%,24%,0,0,0,4,0,4
159,LOUD,OpTic Gaming,Haven,41:16,13,6,7,5,5,0,FiNESSE,Killjoy,0.30,0.30,0.30,109,148,90,5,3,2,17,4,13,5,0,5,78,86,75,15%,25%,10%,4,3,1,0,0,0
160,LEVIATÁN,LOUD,Icebox,1:27:06,12,4,8,14,4,8,kiNgg,Viper,1.61,1.77,1.45,274,286,264,26,15,11,13,5,8,8,3,5,171,166,176,37%,31%,43%,3,2,1,0,0,0
161,LEVIATÁN,LOUD,Icebox,1:27:06,12,4,8,14,4,8,adverso,Sova,1.02,1.12,0.91,210,250,171,17,9,8,20,10,10,9,5,4,145,167,123,17%,15%,18%,3,2,1,3,2,1
162,LEVIATÁN,LOUD,Icebox,1:27:06,12,4,8,14,4,8,Melser,Sage,0.81,0.98,0.64,145,125,167,13,6,7,17,6,11,6,4,2,99,79,119,29%,29%,28%,1,1,0,1,0,1
163,LEVIATÁN,LOUD,Icebox,1:27:06,12,4,8,14,4,8,Tacolilla,Chamber,0.75,0.97,0.53,167,152,182,14,7,7,21,8,13,6,2,4,118,100,136,22%,12%,28%,4,2,2,4,2,2
164,LEVIATÁN,LOUD,Icebox,1:27:06,12,4,8,14,4,8,Shyy,Kayo,0.64,0.86,0.42,147,168,128,13,7,6,19,8,11,7,3,4,103,117,89,12%,13%,10%,2,1,1,5,1,4
165,LEVIATÁN,LOUD,Icebox,1:27:06,12,4,8,14,4,8,pANcada,Sage,1.30,1.90,0.70,233,337,129,20,15,5,16,7,9,7,4,3,154,212,97,43%,54%,28%,3,3,0,2,0,2
166,LEVIATÁN,LOUD,Icebox,1:27:06,12,4,8,14,4,8,saadhak,Kayo,1.21,1.37,1.05,237,239,236,19,10,9,16,7,9,13,11,2,162,164,160,18%,22%,14%,1,1,0,4,2,2
167,LEVIATÁN,LOUD,Icebox,1:27:06,12,4,8,14,4,8,Less,Viper,0.96,0.91,1.00,170,167,173,18,8,10,17,9,8,6,5,1,105,116,94,16%,12%,22%,0,0,0,1,1,0
168,LEVIATÁN,LOUD,Icebox,1:27:06,12,4,8,14,4,8,aspas,Chamber,0.95,1.22,0.67,217,240,195,18,10,8,18,7,11,3,1,2,144,168,119,33%,30%,37%,6,1,5,5,1,4
169,LEVIATÁN,LOUD,Icebox,1:27:06,12,4,8,14,4,8,Sacy,Sova,0.94,1.14,0.74,178,222,134,15,10,5,16,9,7,9,7,2,116,128,105,23%,24%,21%,3,3,0,1,1,0
170,LEVIATÁN,LOUD,Haven,45:27,6,5,1,13,6,7,kiNgg,Raze,1.39,1.15,1.53,343,281,380,22,6,16,14,4,10,2,1,1,213,189,227,15%,14%,16%,6,1,5,3,1,2
171,LEVIATÁN,LOUD,Haven,45:27,6,5,1,13,6,7,Melser,Omen,1.00,0.72,1.17,162,176,155,10,4,6,11,4,7,7,2,5,102,105,101,26%,11%,44%,0,0,0,1,1,0
172,LEVIATÁN,LOUD,Haven,45:27,6,5,1,13,6,7,adverso,Breach,0.76,0.39,0.98,126,118,131,9,3,6,13,5,8,5,1,4,91,82,97,38%,60%,31%,2,1,1,1,0,1
173,LEVIATÁN,LOUD,Haven,45:27,6,5,1,13,6,7,Shyy,Fade,0.52,0.03,0.84,107,59,136,7,1,6,14,7,7,8,0,8,70,46,84,23%,14%,27%,0,0,0,1,0,1
174,LEVIATÁN,LOUD,Haven,45:27,6,5,1,13,6,7,Tacolilla,Chamber,0.40,0.15,0.54,113,110,116,8,3,5,15,7,8,1,1,0,76,71,79,21%,25%,19%,1,1,0,4,2,2
175,LEVIATÁN,LOUD,Haven,45:27,6,5,1,13,6,7,pANcada,Omen,1.55,1.24,2.09,243,177,358,17,8,9,9,6,3,7,2,5,157,115,230,49%,47%,50%,1,0,1,1,1,0
176,LEVIATÁN,LOUD,Haven,45:27,6,5,1,13,6,7,Less,Chamber,1.22,1.06,1.51,253,263,238,17,10,7,13,9,4,2,2,0,153,156,149,33%,24%,46%,7,4,3,3,3,0
177,LEVIATÁN,LOUD,Haven,45:27,6,5,1,13,6,7,Sacy,Fade,1.15,0.65,2.00,182,138,259,12,5,7,10,8,2,8,2,6,114,98,141,26%,35%,19%,1,1,0,0,0,0
178,LEVIATÁN,LOUD,Haven,45:27,6,5,1,13,6,7,aspas,Raze,0.93,0.78,1.20,202,182,238,14,8,6,13,9,4,3,1,2,135,124,154,24%,19%,30%,1,1,0,3,1,2
179,LEVIATÁN,LOUD,Haven,45:27,6,5,1,13,6,7,saadhak,Breach,0.85,1.13,0.37,126,170,52,7,6,1,11,7,4,5,4,1,91,119,43,9%,11%,0%,0,0,0,2,1,1
180,DRX,FunPlus Phoenix,Ascent,1:36:54,19,5,7,17,5,7,Zest,Sova,1.19,1.17,1.21,248,251,246,31,15,16,26,12,14,10,6,4,165,165,166,39%,39%,38%,6,5,1,1,1,0
181,DRX,FunPlus Phoenix,Ascent,1:36:54,19,5,7,17,5,7,stax,Fade,1.18,1.16,1.20,198,216,181,27,14,13,23,11,12,12,7,5,136,144,127,51%,44%,61%,0,0,0,4,2,2
182,DRX,FunPlus Phoenix,Ascent,1:36:54,19,5,7,17,5,7,BuZz,Jett,1.17,1.32,1.01,292,319,266,36,20,16,30,15,15,10,6,4,199,221,177,25%,22%,29%,10,4,6,5,2,3
183,DRX,FunPlus Phoenix,Ascent,1:36:54,19,5,7,17,5,7,MaKo,Astra,0.89,1.08,0.70,147,167,128,21,12,9,24,10,14,11,6,5,99,102,96,25%,19%,32%,1,1,0,2,2,0
184,DRX,FunPlus Phoenix,Ascent,1:36:54,19,5,7,17,5,7,Rb,Kayo,0.80,1.07,0.54,176,223,130,18,12,6,26,12,14,15,8,7,113,130,95,33%,34%,32%,3,1,2,4,0,4
185,DRX,FunPlus Phoenix,Ascent,1:36:54,19,5,7,17,5,7,Shao,Fade,1.32,1.36,1.28,224,232,218,28,13,15,22,9,13,13,5,8,156,159,152,39%,38%,40%,1,1,0,1,1,0
186,DRX,FunPlus Phoenix,Ascent,1:36:54,19,5,7,17,5,7,ardiis,Chamber,1.13,0.93,1.32,241,183,299,30,12,18,28,13,15,7,5,2,164,129,199,24%,29%,20%,6,2,4,6,3,3
187,DRX,FunPlus Phoenix,Ascent,1:36:54,19,5,7,17,5,7,Zyppan,Kayo,1.03,1.30,0.77,252,287,219,30,18,12,31,15,16,14,5,9,158,189,128,24%,32%,16%,4,3,1,3,0,3
188,DRX,FunPlus Phoenix,Ascent,1:36:54,19,5,7,17,5,7,SUYGETSU,Sage,0.95,1.31,0.59,166,223,110,23,16,7,23,9,14,5,2,3,111,142,81,29%,36%,20%,2,2,0,2,1,1
189,DRX,FunPlus Phoenix,Ascent,1:36:54,19,5,7,17,5,7,ANGE1,Omen,0.61,0.62,0.61,159,161,158,18,10,8,29,14,15,18,9,9,107,113,101,30%,32%,28%,3,1,2,8,4,4
190,DRX,FunPlus Phoenix,Breeze,41:14,13,9,4,5,2,3,MaKo,Viper,1.59,2.01,1.38,219,292,184,15,7,8,5,1,4,13,3,10,138,165,124,39%,58%,26%,2,1,1,1,1,0
191,DRX,FunPlus Phoenix,Breeze,41:14,13,9,4,5,2,3,Zest,Sova,1.56,2.14,1.27,248,373,187,19,9,10,9,3,6,3,0,3,168,263,120,47%,53%,40%,0,0,0,1,0,1
192,DRX,FunPlus Phoenix,Breeze,41:14,13,9,4,5,2,3,stax,Skye,1.54,1.00,1.80,263,80,355,17,1,16,7,1,6,8,2,6,167,62,220,29%,0%,42%,1,0,1,0,0,0
193,DRX,FunPlus Phoenix,Breeze,41:14,13,9,4,5,2,3,Rb,Chamber,0.99,0.62,1.17,185,122,218,13,3,10,11,4,7,3,1,2,122,85,141,32%,27%,35%,4,1,3,1,1,0
194,DRX,FunPlus Phoenix,Breeze,41:14,13,9,4,5,2,3,BuZz,Jett,0.69,0.79,0.64,205,199,208,13,4,9,15,5,10,5,2,3,125,127,125,17%,10%,21%,6,2,4,2,0,2
195,DRX,FunPlus Phoenix,Breeze,41:14,13,9,4,5,2,3,Shao,Sova,1.03,1.25,0.60,193,248,86,9,8,1,13,9,4,8,5,3,138,176,63,36%,36%,33%,1,0,1,0,0,0
196,DRX,FunPlus Phoenix,Breeze,41:14,13,9,4,5,2,3,SUYGETSU,Viper,0.83,1.17,0.16,187,244,75,11,10,1,16,10,6,2,2,0,125,160,55,32%,38%,14%,1,1,0,1,1,0
197,DRX,FunPlus Phoenix,Breeze,41:14,13,9,4,5,2,3,Zyppan,Kayo,0.68,0.62,0.80,156,137,196,10,6,4,16,11,5,4,2,2,102,93,121,17%,15%,20%,0,0,0,4,2,2
198,DRX,FunPlus Phoenix,Breeze,41:14,13,9,4,5,2,3,ANGE1,Omen,0.56,0.26,1.17,144,118,198,8,4,4,16,12,4,1,0,1,88,69,128,27%,14%,42%,2,2,0,3,3,0
199,DRX,FunPlus Phoenix,Breeze,41:14,13,9,4,5,2,3,ardiis,Jett,0.52,0.56,0.46,143,141,148,9,5,4,16,11,5,3,3,0,98,117,60,7%,9%,0%,1,0,1,5,3,2
200,OpTic Gaming,Team Liquid,Breeze,1:01:49,7,3,4,13,4,9,yay,Chamber,1.30,1.71,1.03,296,406,223,20,11,9,17,6,11,4,4,0,186,263,135,29%,44%,17%,5,3,2,0,0,0
201,OpTic Gaming,Team Liquid,Breeze,1:01:49,7,3,4,13,4,9,FiNESSE,Viper,1.07,1.32,0.91,229,289,190,16,9,7,15,6,9,8,3,5,136,155,123,26%,19%,35%,0,0,0,0,0,0
202,OpTic Gaming,Team Liquid,Breeze,1:01:49,7,3,4,13,4,9,crashies,Sova,1.06,1.19,0.97,195,187,201,14,5,9,14,4,10,4,3,1,142,123,155,39%,42%,38%,1,0,1,0,0,0
203,OpTic Gaming,Team Liquid,Breeze,1:01:49,7,3,4,13,4,9,Marved,Breach,0.44,0.56,0.36,106,137,87,7,4,3,17,7,10,6,3,3,77,107,58,29%,27%,31%,0,0,0,2,0,2
204,OpTic Gaming,Team Liquid,Breeze,1:01:49,7,3,4,13,4,9,Victor,Neon,0.43,0.38,0.45,137,109,157,9,3,6,17,6,11,2,1,1,88,69,101,45%,42%,47%,4,1,3,8,4,4
205,OpTic Gaming,Team Liquid,Breeze,1:01:49,7,3,4,13,4,9,ScreaM,Phoenix,1.48,1.28,1.77,269,230,328,19,9,10,12,7,5,5,4,1,205,182,240,30%,27%,35%,4,2,2,3,2,1
206,OpTic Gaming,Team Liquid,Breeze,1:01:49,7,3,4,13,4,9,soulcas,Kayo,1.38,1.63,1.00,295,327,247,22,15,7,14,5,9,12,7,5,182,199,157,39%,40%,36%,1,1,0,1,1,0
207,OpTic Gaming,Team Liquid,Breeze,1:01:49,7,3,4,13,4,9,Jamppi,Chamber,1.32,1.78,0.63,224,288,130,16,13,3,12,6,6,6,5,1,176,230,95,24%,32%,9%,4,3,1,3,2,1
208,OpTic Gaming,Team Liquid,Breeze,1:01:49,7,3,4,13,4,9,dimasick,Sova,0.95,0.69,1.35,178,158,209,13,7,6,14,8,6,6,2,4,123,96,163,34%,43%,29%,0,0,0,1,1,0
209,OpTic Gaming,Team Liquid,Breeze,1:01:49,7,3,4,13,4,9,Nivera,Viper,0.68,0.91,0.33,131,150,104,10,7,3,14,7,7,3,1,2,86,114,45,36%,47%,13%,1,0,1,2,0,2
210,OpTic Gaming,Team Liquid,Bind,55:38,13,7,6,8,3,5,yay,Chamber,1.30,1.54,1.12,258,318,214,19,9,10,14,6,8,4,2,2,155,192,128,24%,13%,44%,8,5,3,0,0,0
211,OpTic Gaming,Team Liquid,Bind,55:38,13,7,6,8,3,5,Marved,Brimstone,1.28,1.34,1.24,272,290,259,20,10,10,14,6,8,11,5,6,175,178,172,28%,27%,29%,1,0,1,0,0,0
212,OpTic Gaming,Team Liquid,Bind,55:38,13,7,6,8,3,5,crashies,Skye,1.22,1.39,1.10,229,280,192,20,11,9,13,6,7,7,2,5,133,156,116,31%,35%,27%,1,0,1,2,1,1
213,OpTic Gaming,Team Liquid,Bind,55:38,13,7,6,8,3,5,Victor,Raze,1.10,1.35,0.90,200,223,184,15,7,8,12,4,8,4,2,2,137,158,121,20%,16%,25%,2,1,1,5,1,4
214,OpTic Gaming,Team Liquid,Bind,55:38,13,7,6,8,3,5,FiNESSE,Viper,0.91,1.09,0.77,177,167,185,11,3,8,12,5,7,12,8,4,133,136,130,17%,13%,21%,0,0,0,2,1,1
215,OpTic Gaming,Team Liquid,Bind,55:38,13,7,6,8,3,5,ScreaM,Raze,1.20,1.46,0.84,266,316,202,17,11,6,16,7,9,10,6,4,175,202,138,19%,20%,17%,3,2,1,3,1,2
216,OpTic Gaming,Team Liquid,Bind,55:38,13,7,6,8,3,5,soulcas,Skye,1.20,1.05,1.40,221,197,256,18,9,9,17,10,7,5,4,1,149,133,171,44%,47%,41%,1,0,1,2,1,1
217,OpTic Gaming,Team Liquid,Bind,55:38,13,7,6,8,3,5,dimasick,Brimstone,0.73,0.66,0.83,170,139,211,13,6,7,18,9,9,2,0,2,112,103,124,34%,45%,22%,3,2,1,2,2,0
218,OpTic Gaming,Team Liquid,Bind,55:38,13,7,6,8,3,5,Nivera,Viper,0.64,0.99,0.18,152,188,106,9,7,2,16,6,10,6,1,5,117,139,87,25%,30%,15%,0,0,0,2,0,2
219,OpTic Gaming,Team Liquid,Bind,55:38,13,7,6,8,3,5,Jamppi,Sage,0.37,0.51,0.17,120,137,97,8,4,4,18,10,8,4,1,3,77,96,53,39%,33%,60%,2,2,0,3,2,1
220,OpTic Gaming,Team Liquid,Ascent,53:58,13,10,3,8,6,2,yay,Chamber,2.09,1.80,2.30,373,331,406,30,11,19,9,6,3,2,2,0,249,235,259,25%,16%,31%,4,3,1,3,1,2
221,OpTic Gaming,Team Liquid,Ascent,53:58,13,10,3,8,6,2,Marved,Astra,1.44,1.20,1.62,228,173,271,16,4,12,9,4,5,11,5,6,150,112,179,25%,14%,32%,2,1,1,1,0,1
222,OpTic Gaming,Team Liquid,Ascent,53:58,13,10,3,8,6,2,Victor,Kayo,1.12,0.81,1.35,221,172,259,17,5,12,14,6,8,7,2,5,143,111,167,31%,35%,29%,4,0,4,0,0,0
223,OpTic Gaming,Team Liquid,Ascent,53:58,13,10,3,8,6,2,FiNESSE,Fade,0.77,0.83,0.73,129,168,102,8,5,3,14,7,7,8,2,6,92,99,86,38%,37%,38%,1,1,0,4,2,2
224,OpTic Gaming,Team Liquid,Ascent,53:58,13,10,3,8,6,2,crashies,Sova,0.69,0.59,0.76,112,124,105,7,3,4,12,6,6,9,5,4,79,71,85,23%,18%,27%,0,0,0,2,1,1
225,OpTic Gaming,Team Liquid,Ascent,53:58,13,10,3,8,6,2,ScreaM,Phoenix,1.01,0.82,1.26,203,160,261,14,6,8,16,10,6,2,1,1,142,111,182,32%,40%,27%,3,1,2,2,1,1
226,OpTic Gaming,Team Liquid,Ascent,53:58,13,10,3,8,6,2,Jamppi,Chamber,0.98,0.78,1.25,225,221,230,15,8,7,16,11,5,2,1,1,142,145,138,30%,38%,24%,3,2,1,1,1,0
227,OpTic Gaming,Team Liquid,Ascent,53:58,13,10,3,8,6,2,Nivera,Kayo,0.83,0.94,0.68,169,192,140,13,8,5,15,9,6,5,3,2,100,107,89,65%,73%,56%,1,0,1,5,3,2
228,OpTic Gaming,Team Liquid,Ascent,53:58,13,10,3,8,6,2,soulcas,Fade,0.58,0.27,1.00,138,114,172,9,4,5,16,11,5,6,2,4,86,78,96,33%,88%,11%,2,2,0,2,1,1
229,OpTic Gaming,Team Liquid,Ascent,53:58,13,10,3,8,6,2,dimasick,Omen,0.49,0.34,0.70,101,88,118,7,3,4,15,8,7,4,1,3,74,68,81,38%,23%,63%,1,1,0,1,0,1
230,XSET,FNATIC,Pearl,1:03:19,13,4,9,8,3,5,Cryocells,Chamber,1.88,2.19,1.47,309,347,260,26,17,9,11,4,7,1,0,1,190,200,176,37%,35%,38%,5,4,1,3,2,1
231,XSET,FNATIC,Pearl,1:03:19,13,4,9,8,3,5,AYRIN,Astra,1.42,0.93,2.07,253,149,393,19,6,13,13,6,7,3,2,1,161,95,248,15%,3%,26%,0,0,0,0,0,0
232,XSET,FNATIC,Pearl,1:03:19,13,4,9,8,3,5,BcJ,Fade,0.63,0.76,0.45,100,90,114,5,2,3,13,5,8,9,6,3,74,74,75,9%,13%,5%,1,0,1,1,0,1
233,XSET,FNATIC,Pearl,1:03:19,13,4,9,8,3,5,dephh,Kayo,0.59,1.00,0.05,143,191,79,8,7,1,17,8,9,7,5,2,107,140,64,26%,30%,17%,1,1,0,3,1,2
234,XSET,FNATIC,Pearl,1:03:19,13,4,9,8,3,5,zekken,Neon,0.51,0.93,0.02,124,178,54,10,9,1,17,8,9,0,0,0,76,104,38,24%,27%,14%,3,2,1,4,2,2
235,XSET,FNATIC,Pearl,1:03:19,13,4,9,8,3,5,Mistic,Skye,1.16,1.96,0.57,212,399,73,17,13,4,12,5,7,2,2,0,128,231,52,23%,19%,44%,3,2,1,0,0,0
236,XSET,FNATIC,Pearl,1:03:19,13,4,9,8,3,5,Derke,Chamber,1.15,1.64,0.79,248,366,161,19,12,7,14,6,8,2,2,0,157,232,101,50%,50%,50%,4,3,1,3,1,2
237,XSET,FNATIC,Pearl,1:03:19,13,4,9,8,3,5,Boaster,Astra,1.04,1.42,0.76,208,251,177,12,6,6,14,4,10,11,7,4,155,202,120,23%,21%,27%,0,0,0,1,0,1
238,XSET,FNATIC,Pearl,1:03:19,13,4,9,8,3,5,Enzo,Fade,0.89,0.88,0.90,184,191,179,14,7,7,14,6,8,7,3,4,108,112,105,38%,29%,47%,1,1,0,0,0,0
239,XSET,FNATIC,Pearl,1:03:19,13,4,9,8,3,5,Alfajer,Neon,0.59,0.23,0.87,128,46,190,9,2,7,14,6,8,4,3,1,85,32,125,25%,17%,27%,3,0,3,6,2,4
240,XSET,FNATIC,Fracture,53:57,13,8,5,11,7,4,Cryocells,Chamber,1.38,1.26,1.49,243,223,264,22,10,12,14,8,6,3,2,1,156,161,151,33%,41%,26%,4,1,3,0,0,0
241,XSET,FNATIC,Fracture,53:57,13,8,5,11,7,4,dephh,Breach,1.13,0.90,1.35,223,192,256,20,8,12,16,9,7,5,2,3,127,109,146,36%,58%,27%,3,2,1,1,1,0
242,XSET,FNATIC,Fracture,53:57,13,8,5,11,7,4,zekken,Neon,1.07,1.46,0.68,204,237,172,17,10,7,15,6,9,5,3,2,147,173,121,25%,16%,41%,3,2,1,4,2,2
243,XSET,FNATIC,Fracture,53:57,13,8,5,11,7,4,BcJ,Omen,0.97,0.87,1.08,235,217,254,17,8,9,19,10,9,12,6,6,161,137,185,12%,7%,18%,3,0,3,2,1,1
244,XSET,FNATIC,Fracture,53:57,13,8,5,11,7,4,AYRIN,Sage,0.64,0.40,0.88,100,121,81,9,5,4,16,11,5,9,1,8,65,80,49,10%,7%,15%,1,1,0,3,2,1
245,XSET,FNATIC,Fracture,53:57,13,8,5,11,7,4,Derke,Chamber,1.28,1.38,1.18,317,308,327,26,12,14,20,9,11,5,3,2,206,215,198,32%,20%,48%,4,0,4,3,0,3
246,XSET,FNATIC,Fracture,53:57,13,8,5,11,7,4,Mistic,Kayo,1.27,1.38,1.16,220,261,180,19,10,9,15,8,7,12,9,3,124,137,111,27%,19%,50%,2,2,0,2,2,0
247,XSET,FNATIC,Fracture,53:57,13,8,5,11,7,4,Enzo,Breach,1.04,0.99,1.10,149,143,157,13,6,7,13,5,8,7,4,3,94,89,99,19%,11%,32%,1,0,1,0,0,0
248,XSET,FNATIC,Fracture,53:57,13,8,5,11,7,4,Alfajer,Neon,0.69,0.57,0.81,166,147,186,12,5,7,17,10,7,7,4,3,102,87,118,22%,20%,25%,2,1,1,6,3,3
249,XSET,FNATIC,Fracture,53:57,13,8,5,11,7,4,Boaster,Brimstone,0.61,0.36,0.87,146,99,194,10,3,7,20,11,9,12,4,8,89,55,122,6%,0%,9%,1,1,0,3,3,0
250,FunPlus Phoenix,LEVIATÁN,Icebox,1:02:48,13,8,5,6,2,4,Zyppan,Raze,1.42,1.69,1.26,348,324,362,22,8,14,14,4,10,3,2,1,239,235,242,33%,18%,43%,6,1,5,4,0,4
251,FunPlus Phoenix,LEVIATÁN,Icebox,1:02:48,13,8,5,6,2,4,ardiis,Chamber,1.17,2.34,0.49,268,430,175,20,11,9,15,3,12,1,0,1,163,261,106,34%,47%,22%,6,5,1,2,0,2
252,FunPlus Phoenix,LEVIATÁN,Icebox,1:02:48,13,8,5,6,2,4,Shao,Sage,1.15,1.16,1.15,144,154,139,9,4,5,8,3,5,10,1,9,89,95,86,26%,36%,20%,0,0,0,0,0,0
253,FunPlus Phoenix,LEVIATÁN,Icebox,1:02:48,13,8,5,6,2,4,SUYGETSU,Viper,1.00,0.90,1.06,184,169,194,13,5,8,12,4,8,7,2,5,119,112,123,30%,56%,21%,0,0,0,0,0,0
254,FunPlus Phoenix,LEVIATÁN,Icebox,1:02:48,13,8,5,6,2,4,ANGE1,Fade,0.99,0.73,1.14,180,163,191,12,4,8,11,4,7,5,1,4,134,106,151,42%,30%,48%,0,0,0,1,1,0
255,FunPlus Phoenix,LEVIATÁN,Icebox,1:02:48,13,8,5,6,2,4,kiNgg,Viper,1.17,1.34,0.88,210,213,208,13,9,4,14,7,7,7,3,4,146,144,151,40%,42%,36%,2,2,0,2,1,1
256,FunPlus Phoenix,LEVIATÁN,Icebox,1:02:48,13,8,5,6,2,4,adverso,Sova,1.09,1.17,0.95,236,253,208,15,10,5,15,9,6,3,1,2,150,158,137,27%,26%,30%,1,1,0,3,2,1
257,FunPlus Phoenix,LEVIATÁN,Icebox,1:02:48,13,8,5,6,2,4,Tacolilla,Chamber,0.94,0.88,1.04,236,243,226,15,9,6,16,10,6,5,2,3,160,161,158,33%,36%,30%,3,2,1,2,2,0
258,FunPlus Phoenix,LEVIATÁN,Icebox,1:02:48,13,8,5,6,2,4,Melser,Sage,0.68,0.73,0.59,169,201,115,11,8,3,16,10,6,2,1,1,117,138,82,29%,28%,30%,0,0,0,2,1,1
259,FunPlus Phoenix,LEVIATÁN,Icebox,1:02:48,13,8,5,6,2,4,Shyy,Kayo,0.59,1.05,0.01,113,156,39,6,6,0,15,8,7,11,9,2,78,103,35,23%,33%,0%,1,1,0,3,0,3
260,FunPlus Phoenix,LEVIATÁN,Ascent,1:00:21,13,5,8,11,4,7,SUYGETSU,Cypher,1.33,1.69,0.98,212,245,180,17,11,6,13,4,9,5,3,2,147,165,130,40%,41%,38%,2,1,1,1,0,1
261,FunPlus Phoenix,LEVIATÁN,Ascent,1:00:21,13,5,8,11,4,7,Zyppan,Kayo,1.21,1.23,1.18,221,198,244,17,8,9,15,5,10,12,5,7,139,125,152,23%,18%,29%,2,2,0,1,0,1
262,FunPlus Phoenix,LEVIATÁN,Ascent,1:00:21,13,5,8,11,4,7,Shao,Fade,1.16,1.37,0.95,191,209,173,15,9,6,16,7,9,11,6,5,129,128,130,22%,20%,25%,1,0,1,0,0,0
263,FunPlus Phoenix,LEVIATÁN,Ascent,1:00:21,13,5,8,11,4,7,ardiis,Jett,0.90,1.03,0.77,229,267,191,19,11,8,20,9,11,1,1,0,134,168,100,15%,10%,25%,5,3,2,4,3,1
264,FunPlus Phoenix,LEVIATÁN,Ascent,1:00:21,13,5,8,11,4,7,ANGE1,Omen,0.06,0.05,0.07,70,65,75,6,3,3,22,10,12,1,0,1,46,42,51,24%,33%,18%,0,0,0,8,3,5
265,FunPlus Phoenix,LEVIATÁN,Ascent,1:00:21,13,5,8,11,4,7,kiNgg,Kayo,1.43,2.08,0.79,269,388,152,21,17,4,13,5,8,9,5,4,166,223,108,25%,29%,20%,7,4,3,4,0,4
266,FunPlus Phoenix,LEVIATÁN,Ascent,1:00:21,13,5,8,11,4,7,Melser,Astra,1.40,1.80,1.01,241,274,209,20,12,8,13,4,9,12,6,6,163,186,139,26%,24%,29%,1,0,1,0,0,0
267,FunPlus Phoenix,LEVIATÁN,Ascent,1:00:21,13,5,8,11,4,7,adverso,Sova,1.06,0.99,1.14,231,241,222,18,9,9,16,8,8,10,8,2,169,177,160,21%,18%,25%,0,0,0,2,2,0
268,FunPlus Phoenix,LEVIATÁN,Ascent,1:00:21,13,5,8,11,4,7,Tacolilla,Chamber,0.80,1.10,0.50,157,225,91,14,10,4,16,7,9,3,2,1,100,141,59,15%,17%,13%,4,4,0,3,1,2
269,FunPlus Phoenix,LEVIATÁN,Ascent,1:00:21,13,5,8,11,4,7,Shyy,Fade,0.77,0.39,1.16,140,73,209,13,3,10,16,8,8,9,6,3,77,45,110,33%,40%,30%,2,0,2,1,1,0
270,Team Liquid,FNATIC,Bind,1:00:21,6,3,3,13,9,4,Jamppi,Sage,0.95,0.93,0.98,213,208,221,13,8,5,15,10,5,5,3,2,151,141,169,35%,36%,33%,1,0,1,3,2,1
271,Team Liquid,FNATIC,Bind,1:00:21,6,3,3,13,9,4,ScreaM,Raze,0.82,0.81,0.83,171,185,148,10,6,4,15,10,5,1,0,1,118,127,102,23%,22%,23%,4,2,2,2,1,1
272,Team Liquid,FNATIC,Bind,1:00:21,6,3,3,13,9,4,dimasick,Brimstone,0.81,0.77,0.87,147,135,170,10,6,4,14,9,5,2,0,2,105,88,135,44%,46%,42%,0,0,0,1,1,0
273,Team Liquid,FNATIC,Bind,1:00:21,6,3,3,13,9,4,soulcas,Skye,0.60,0.76,0.31,109,161,20,7,6,1,13,9,4,2,2,0,72,110,6,35%,38%,0%,1,1,0,4,2,2
274,Team Liquid,FNATIC,Bind,1:00:21,6,3,3,13,9,4,Nivera,Viper,0.59,0.47,0.79,148,145,155,9,5,4,16,9,7,1,1,0,98,96,102,31%,24%,44%,0,0,0,3,3,0
275,Team Liquid,FNATIC,Bind,1:00:21,6,3,3,13,9,4,Alfajer,Raze,1.55,1.09,1.81,325,156,425,22,2,20,10,4,6,5,3,2,217,108,280,42%,33%,45%,2,1,1,2,1,1
276,Team Liquid,FNATIC,Bind,1:00:21,6,3,3,13,9,4,Derke,Chamber,1.37,1.77,1.14,232,334,172,19,10,9,9,3,6,3,0,3,181,239,147,27%,29%,26%,4,1,3,0,0,0
277,Team Liquid,FNATIC,Bind,1:00:21,6,3,3,13,9,4,Enzo,Viper,1.17,1.26,1.11,186,241,155,11,5,6,10,5,5,11,5,6,134,176,110,13%,14%,12%,1,0,1,0,0,0
278,Team Liquid,FNATIC,Bind,1:00:21,6,3,3,13,9,4,Boaster,Brimstone,1.11,1.00,1.17,193,135,227,14,4,10,10,3,7,5,2,3,117,75,141,28%,50%,23%,3,0,3,3,1,2
279,Team Liquid,FNATIC,Bind,1:00:21,6,3,3,13,9,4,Mistic,Skye,0.97,1.14,0.86,120,149,104,7,3,4,10,3,7,9,3,6,76,89,69,26%,42%,16%,3,2,1,1,1,0
280,Team Liquid,FNATIC,Haven,47:03,7,2,5,13,7,6,Nivera,Breach,1.30,1.58,0.89,266,340,157,19,15,4,16,9,7,7,3,4,170,210,109,28%,26%,36%,1,1,0,1,1,0
281,Team Liquid,FNATIC,Haven,47:03,7,2,5,13,7,6,dimasick,Omen,0.82,0.73,0.94,155,127,199,11,6,5,13,7,6,2,2,0,108,83,145,39%,29%,55%,2,1,1,1,0,1
282,Team Liquid,FNATIC,Haven,47:03,7,2,5,13,7,6,Jamppi,Chamber,0.75,0.93,0.48,141,145,136,9,6,3,14,7,7,2,1,1,88,88,89,12%,13%,11%,4,3,1,2,1,1
283,Team Liquid,FNATIC,Haven,47:03,7,2,5,13,7,6,ScreaM,Raze,0.73,0.95,0.39,141,164,107,9,6,3,14,7,7,2,2,0,97,120,62,36%,40%,25%,2,1,1,2,1,1
284,Team Liquid,FNATIC,Haven,47:03,7,2,5,13,7,6,soulcas,Fade,0.54,0.62,0.42,98,91,110,7,4,3,15,8,7,7,5,2,70,66,75,23%,25%,20%,0,0,0,5,3,2
285,Team Liquid,FNATIC,Haven,47:03,7,2,5,13,7,6,Alfajer,Raze,1.38,1.74,1.13,276,369,216,19,10,9,11,4,7,4,2,2,186,245,147,29%,32%,25%,1,1,0,4,2,2
286,Team Liquid,FNATIC,Haven,47:03,7,2,5,13,7,6,Derke,Chamber,1.34,1.71,1.09,270,368,206,19,11,8,12,5,7,3,1,2,184,227,155,29%,36%,25%,4,3,1,1,0,1
287,Team Liquid,FNATIC,Haven,47:03,7,2,5,13,7,6,Boaster,Omen,1.23,0.95,1.42,210,176,235,15,4,11,10,4,6,3,1,2,134,98,159,20%,9%,29%,4,1,3,1,0,1
288,Team Liquid,FNATIC,Haven,47:03,7,2,5,13,7,6,Enzo,Fade,1.09,1.22,1.01,133,100,156,10,4,6,9,2,7,11,7,4,82,49,104,11%,9%,13%,1,0,1,0,0,0
289,Team Liquid,FNATIC,Haven,47:03,7,2,5,13,7,6,Mistic,Breach,0.73,1.23,0.41,137,191,102,9,5,4,13,3,10,6,3,3,87,114,68,22%,22%,21%,1,0,1,3,1,2
290,DRX,LOUD,Breeze,1:11:32,11,9,2,13,10,3,Rb,Chamber,1.18,1.02,1.34,243,219,267,21,9,12,15,8,7,1,0,1,157,137,177,38%,37%,38%,3,2,1,1,0,1
291,DRX,LOUD,Breeze,1:11:32,11,9,2,13,10,3,MaKo,Viper,1.18,0.49,1.87,187,150,225,16,5,11,15,12,3,14,5,9,118,90,145,39%,27%,50%,2,1,1,3,3,0
292,DRX,LOUD,Breeze,1:11:32,11,9,2,13,10,3,Zest,Sova,0.90,0.60,1.20,182,137,229,16,5,11,18,11,7,5,2,3,122,94,151,42%,46%,39%,1,1,0,2,2,0
293,DRX,LOUD,Breeze,1:11:32,11,9,2,13,10,3,stax,Skye,0.66,0.46,0.87,155,100,211,12,3,9,19,10,9,4,1,3,107,77,136,44%,36%,50%,3,0,3,2,1,1
294,DRX,LOUD,Breeze,1:11:32,11,9,2,13,10,3,BuZz,Jett,0.46,0.36,0.57,186,118,255,12,3,9,23,11,12,4,2,2,119,85,153,27%,26%,28%,3,0,3,4,2,2
295,DRX,LOUD,Breeze,1:11:32,11,9,2,13,10,3,Less,Cypher,1.49,1.12,1.86,297,246,348,27,10,17,14,10,4,7,4,3,178,147,209,33%,35%,32%,3,1,2,3,2,1
296,DRX,LOUD,Breeze,1:11:32,11,9,2,13,10,3,pANcada,Viper,1.32,1.39,1.24,231,271,191,20,12,8,15,10,5,8,2,6,160,181,138,37%,52%,20%,2,2,0,0,0,0
297,DRX,LOUD,Breeze,1:11:32,11,9,2,13,10,3,saadhak,Kayo,1.12,0.44,1.80,214,98,332,18,4,14,17,11,6,8,3,5,135,75,196,32%,21%,36%,5,0,5,4,3,1
298,DRX,LOUD,Breeze,1:11:32,11,9,2,13,10,3,aspas,Jett,0.99,0.74,1.24,200,182,219,16,6,10,16,10,6,4,1,3,132,119,145,24%,7%,53%,2,1,1,2,1,1
299,DRX,LOUD,Breeze,1:11:32,11,9,2,13,10,3,Sacy,Sova,0.74,0.54,0.94,120,147,95,9,5,4,15,11,4,11,4,7,89,107,70,31%,28%,36%,0,0,0,3,2,1
300,DRX,LOUD,Haven,39:36,6,4,2,13,5,8,Rb,Killjoy,1.05,0.47,1.39,219,144,264,13,3,10,15,6,9,4,2,2,138,95,164,31%,36%,29%,2,1,1,0,0,0
301,DRX,LOUD,Haven,39:36,6,4,2,13,5,8,stax,Breach,0.81,1.11,0.64,173,259,123,12,7,5,15,6,9,4,3,1,102,150,74,55%,43%,75%,0,0,0,3,1,2
302,DRX,LOUD,Haven,39:36,6,4,2,13,5,8,Zest,Fade,0.81,1.14,0.62,149,164,140,10,4,6,15,5,10,4,3,1,94,116,81,28%,27%,29%,2,0,2,0,0,0
303,DRX,LOUD,Haven,39:36,6,4,2,13,5,8,BuZz,Jett,0.68,0.75,0.64,146,145,148,9,3,6,16,6,10,4,2,2,105,121,95,42%,23%,62%,2,2,0,6,1,5
304,DRX,LOUD,Haven,39:36,6,4,2,13,5,8,MaKo,Omen,0.60,0.14,0.87,149,64,200,9,1,8,16,6,10,5,1,4,94,46,123,22%,11%,26%,0,0,0,4,2,2
305,DRX,LOUD,Haven,39:36,6,4,2,13,5,8,Sacy,Fade,1.76,1.34,2.48,252,173,388,18,8,10,7,5,2,11,6,5,168,123,244,33%,26%,41%,1,1,0,0,0,0
306,DRX,LOUD,Haven,39:36,6,4,2,13,5,8,saadhak,Breach,1.30,1.51,0.94,264,311,184,18,14,4,11,7,4,5,3,2,158,171,136,26%,30%,20%,4,4,0,2,1,1
307,DRX,LOUD,Haven,39:36,6,4,2,13,5,8,aspas,Raze,1.08,1.02,1.18,245,243,248,15,9,6,14,9,5,8,5,3,166,157,180,28%,31%,25%,3,2,1,1,0,1
308,DRX,LOUD,Haven,39:36,6,4,2,13,5,8,Less,Chamber,0.98,0.91,1.10,177,171,189,14,8,6,9,6,3,1,1,0,107,120,86,15%,6%,27%,5,2,3,2,1,1
309,DRX,LOUD,Haven,39:36,6,4,2,13,5,8,pANcada,Omen,0.88,0.90,0.85,151,186,91,12,9,3,12,8,4,10,7,3,85,101,59,21%,24%,13%,0,0,0,1,1,0
310,OpTic Gaming,XSET,Haven,1:06:58,13,9,4,9,8,1,yay,Chamber,1.39,0.93,1.94,260,178,361,23,8,15,14,9,5,3,3,0,155,105,215,27%,9%,37%,3,1,2,1,1,0
311,OpTic Gaming,XSET,Haven,1:06:58,13,9,4,9,8,1,FiNESSE,Killjoy,1.26,1.12,1.42,236,274,190,17,11,6,14,11,3,4,3,1,156,180,126,22%,18%,38%,1,1,0,3,3,0
312,OpTic Gaming,XSET,Haven,1:06:58,13,9,4,9,8,1,Victor,Phoenix,1.14,0.69,1.67,249,195,316,21,9,12,17,11,6,4,3,1,154,94,226,26%,30%,24%,5,3,2,4,1,3
313,OpTic Gaming,XSET,Haven,1:06:58,13,9,4,9,8,1,crashies,Fade,1.02,0.62,1.50,154,120,197,13,4,9,14,10,4,13,6,7,102,77,133,33%,13%,50%,0,0,0,1,0,1
314,OpTic Gaming,XSET,Haven,1:06:58,13,9,4,9,8,1,Marved,Omen,0.66,0.89,0.38,151,201,91,10,8,2,19,11,8,9,4,5,118,152,77,34%,31%,42%,1,1,0,3,1,2
315,OpTic Gaming,XSET,Haven,1:06:58,13,9,4,9,8,1,BcJ,Fade,1.24,0.84,1.58,251,198,297,21,8,13,17,9,8,8,0,8,172,119,217,18%,24%,16%,3,1,2,1,1,0
316,OpTic Gaming,XSET,Haven,1:06:58,13,9,4,9,8,1,Cryocells,Chamber,1.04,0.31,1.65,240,96,361,19,3,16,17,9,8,1,1,0,150,58,227,27%,40%,25%,5,3,2,1,1,0
317,OpTic Gaming,XSET,Haven,1:06:58,13,9,4,9,8,1,AYRIN,Omen,0.88,0.55,1.15,165,144,184,13,4,9,15,9,6,10,4,6,102,91,110,13%,13%,13%,0,0,0,2,1,1
318,OpTic Gaming,XSET,Haven,1:06:58,13,9,4,9,8,1,dephh,Breach,0.75,0.66,0.82,142,176,115,10,5,5,15,8,7,5,2,3,97,116,81,35%,28%,46%,1,1,0,2,0,2
319,OpTic Gaming,XSET,Haven,1:06:58,13,9,4,9,8,1,zekken,Raze,0.72,0.65,0.77,222,214,230,15,6,9,20,9,11,6,2,4,157,143,169,22%,30%,18%,3,1,2,4,1,3
320,OpTic Gaming,XSET,Ascent,56:05,11,3,8,13,4,9,crashies,Sova,1.16,1.91,0.41,240,369,113,20,16,4,17,6,11,6,2,4,155,225,86,24%,27%,16%,2,2,0,2,0,2
321,OpTic Gaming,XSET,Ascent,56:05,11,3,8,13,4,9,yay,Chamber,1.08,1.12,1.03,213,199,228,19,9,10,16,5,11,1,1,0,130,113,148,19%,0%,31%,3,3,0,3,1,2
322,OpTic Gaming,XSET,Ascent,56:05,11,3,8,13,4,9,Marved,Astra,1.02,0.93,1.11,221,195,249,18,8,10,18,7,11,6,4,2,136,131,142,33%,33%,33%,4,0,4,1,1,0
323,OpTic Gaming,XSET,Ascent,56:05,11,3,8,13,4,9,Victor,Kayo,0.87,1.05,0.69,197,242,153,16,11,5,19,8,11,6,3,3,122,146,98,23%,23%,24%,3,3,0,2,1,1
324,OpTic Gaming,XSET,Ascent,56:05,11,3,8,13,4,9,FiNESSE,Fade,0.64,0.75,0.53,88,104,72,7,4,3,15,6,9,12,8,4,61,83,38,16%,15%,17%,0,0,0,4,1,3
325,OpTic Gaming,XSET,Ascent,56:05,11,3,8,13,4,9,AYRIN,Killjoy,1.35,1.55,1.14,234,292,178,22,14,8,14,6,8,6,4,2,152,185,119,19%,16%,23%,1,1,0,2,0,2
326,OpTic Gaming,XSET,Ascent,56:05,11,3,8,13,4,9,zekken,Sova,1.28,1.49,1.07,248,271,226,20,12,8,16,6,10,5,2,3,173,198,148,24%,24%,23%,5,4,1,1,0,1
327,OpTic Gaming,XSET,Ascent,56:05,11,3,8,13,4,9,dephh,Kayo,0.93,1.43,0.43,167,243,91,14,11,3,15,5,10,9,5,4,111,155,68,27%,36%,15%,2,2,0,1,0,1
328,OpTic Gaming,XSET,Ascent,56:05,11,3,8,13,4,9,Cryocells,Jett,0.88,0.74,1.02,213,224,203,18,10,8,19,9,10,5,2,3,130,139,120,14%,7%,19%,1,0,1,5,3,2
329,OpTic Gaming,XSET,Ascent,56:05,11,3,8,13,4,9,BcJ,Omen,0.78,0.98,0.58,139,158,121,11,6,5,16,6,10,11,6,5,85,103,68,12%,10%,20%,3,1,2,3,1,2
330,OpTic Gaming,XSET,Pearl,1:18:28,13,8,5,8,4,4,yay,Chamber,1.57,1.47,1.65,288,317,267,21,10,11,10,5,5,1,0,1,184,201,171,28%,22%,38%,4,3,1,1,1,0
331,OpTic Gaming,XSET,Pearl,1:18:28,13,8,5,8,4,4,Victor,Kayo,1.16,1.06,1.22,215,174,246,17,5,12,12,5,7,4,0,4,126,97,149,26%,29%,25%,4,2,2,3,1,2
332,OpTic Gaming,XSET,Pearl,1:18:28,13,8,5,8,4,4,Marved,Astra,1.12,1.11,1.13,235,227,242,17,7,10,15,6,9,5,1,4,156,141,167,37%,50%,30%,3,1,2,2,1,1
333,OpTic Gaming,XSET,Pearl,1:18:28,13,8,5,8,4,4,crashies,Fade,0.87,0.99,0.77,160,181,145,11,6,5,15,6,9,12,3,9,110,123,100,26%,43%,17%,1,0,1,1,0,1
334,OpTic Gaming,XSET,Pearl,1:18:28,13,8,5,8,4,4,FiNESSE,Viper,0.86,0.77,0.93,147,82,197,9,0,9,12,5,7,7,5,2,93,60,118,32%,20%,39%,0,0,0,2,0,2
335,OpTic Gaming,XSET,Pearl,1:18:28,13,8,5,8,4,4,Cryocells,Chamber,1.23,1.43,0.97,220,276,147,16,11,5,11,6,5,4,2,2,135,158,106,17%,4%,42%,4,3,1,3,2,1
336,OpTic Gaming,XSET,Pearl,1:18:28,13,8,5,8,4,4,dephh,Kayo,1.12,1.22,0.98,207,209,207,16,10,6,15,8,7,6,3,3,122,124,120,15%,6%,38%,3,2,1,3,0,3
337,OpTic Gaming,XSET,Pearl,1:18:28,13,8,5,8,4,4,BcJ,Fade,0.89,0.29,1.69,180,100,288,12,3,9,15,10,5,10,4,6,120,85,167,19%,18%,19%,1,0,1,3,2,1
338,OpTic Gaming,XSET,Pearl,1:18:28,13,8,5,8,4,4,AYRIN,Astra,0.57,0.53,0.62,145,182,96,9,6,3,17,11,6,9,1,8,92,123,52,24%,25%,22%,0,0,0,1,1,0
339,OpTic Gaming,XSET,Pearl,1:18:28,13,8,5,8,4,4,zekken,Neon,0.54,0.66,0.37,143,167,111,11,7,4,17,10,7,2,1,1,89,112,58,36%,40%,31%,1,1,0,2,1,1
340,DRX,FNATIC,Icebox,1:03:26,7,2,5,13,7,6,stax,Sage,0.92,1.05,0.71,201,205,197,14,8,6,17,9,8,1,0,1,137,151,117,39%,31%,60%,2,2,0,1,0,1
341,DRX,FNATIC,Icebox,1:03:26,7,2,5,13,7,6,MaKo,Viper,0.85,0.92,0.73,115,125,100,6,4,2,13,7,6,7,3,4,81,87,72,33%,31%,40%,1,1,0,0,0,0
342,DRX,FNATIC,Icebox,1:03:26,7,2,5,13,7,6,BuZz,Jett,0.75,0.96,0.44,151,166,131,10,7,3,14,7,7,1,0,1,98,99,97,21%,31%,13%,4,4,0,7,2,5
343,DRX,FNATIC,Icebox,1:03:26,7,2,5,13,7,6,Rb,Killjoy,0.62,0.78,0.37,158,195,103,10,8,2,17,10,7,4,2,2,99,118,71,17%,18%,14%,0,0,0,2,2,0
344,DRX,FNATIC,Icebox,1:03:26,7,2,5,13,7,6,Zest,Sova,0.45,0.33,0.62,99,50,172,5,1,4,16,8,8,5,3,2,72,40,120,21%,0%,36%,1,0,1,2,1,1
345,DRX,FNATIC,Icebox,1:03:26,7,2,5,13,7,6,Derke,Chamber,2.03,2.05,2.01,408,361,440,31,12,19,10,3,7,0,0,0,262,239,278,30%,36%,26%,5,2,3,1,0,1
346,DRX,FNATIC,Icebox,1:03:26,7,2,5,13,7,6,Boaster,Viper,1.15,1.37,1.01,171,182,164,11,5,6,8,2,6,10,8,2,99,96,101,21%,18%,24%,2,0,2,1,0,1
347,DRX,FNATIC,Icebox,1:03:26,7,2,5,13,7,6,Mistic,Sage,1.14,0.88,1.32,194,188,200,14,4,10,12,6,6,15,7,8,113,113,113,34%,24%,43%,4,4,0,2,1,1
348,DRX,FNATIC,Icebox,1:03:26,7,2,5,13,7,6,Enzo,Sova,1.10,1.56,0.78,160,283,79,9,7,2,8,4,4,9,6,3,107,162,70,20%,22%,17%,0,0,0,0,0,0
349,DRX,FNATIC,Icebox,1:03:26,7,2,5,13,7,6,Alfajer,Killjoy,1.00,1.53,0.64,143,204,104,12,8,4,7,2,5,1,0,1,103,139,79,20%,46%,9%,1,1,0,4,0,4
350,DRX,FNATIC,Ascent,1:10:04,14,4,8,12,4,8,MaKo,Astra,1.31,1.75,0.87,223,266,181,20,12,8,15,5,10,8,5,3,141,165,117,43%,46%,38%,6,4,2,1,0,1
351,DRX,FNATIC,Ascent,1:10:04,14,4,8,12,4,8,stax,Fade,1.12,1.05,1.20,221,230,212,20,10,10,19,9,10,9,2,7,151,166,135,28%,27%,28%,2,1,1,0,0,0
352,DRX,FNATIC,Ascent,1:10:04,14,4,8,12,4,8,Zest,Sova,0.90,0.97,0.82,200,196,205,21,11,10,20,8,12,4,0,4,123,108,138,40%,41%,38%,1,1,0,5,4,1
353,DRX,FNATIC,Ascent,1:10:04,14,4,8,12,4,8,BuZz,Jett,0.78,0.91,0.65,173,163,184,14,7,7,18,7,11,2,2,0,121,118,124,22%,21%,23%,3,1,2,6,2,4
354,DRX,FNATIC,Ascent,1:10:04,14,4,8,12,4,8,Rb,Kayo,0.55,0.46,0.63,149,116,182,12,5,7,21,9,12,5,0,5,91,74,108,26%,33%,24%,2,0,2,0,0,0
355,DRX,FNATIC,Ascent,1:10:04,14,4,8,12,4,8,Alfajer,Killjoy,1.50,1.31,1.69,275,261,291,27,14,13,16,8,8,4,1,3,184,167,202,36%,50%,28%,3,1,2,2,2,0
356,DRX,FNATIC,Ascent,1:10:04,14,4,8,12,4,8,Enzo,Fade,1.16,1.17,1.14,192,240,145,19,11,8,14,8,6,8,6,2,127,161,93,21%,16%,33%,0,0,0,2,1,1
357,DRX,FNATIC,Ascent,1:10:04,14,4,8,12,4,8,Boaster,Omen,1.07,1.49,0.65,199,269,129,19,14,5,18,9,9,5,3,2,133,174,93,22%,23%,22%,2,2,0,1,0,1
358,DRX,FNATIC,Ascent,1:10:04,14,4,8,12,4,8,Derke,Jett,1.04,1.54,0.54,237,302,172,20,13,7,19,6,13,7,5,2,161,214,108,40%,33%,53%,6,2,4,6,1,5
359,DRX,FNATIC,Ascent,1:10:04,14,4,8,12,4,8,Mistic,Kayo,0.61,0.52,0.70,117,109,126,8,3,5,20,10,10,18,9,9,83,75,91,24%,26%,23%,1,1,0,3,3,0
360,DRX,FNATIC,Fracture,51:52,13,7,6,9,6,3,BuZz,Chamber,1.28,1.21,1.36,229,214,248,19,10,9,13,7,6,2,0,2,152,144,162,31%,41%,25%,4,2,2,1,1,0
361,DRX,FNATIC,Fracture,51:52,13,7,6,9,6,3,Rb,Neon,1.13,1.11,1.15,273,307,234,21,12,9,15,9,6,1,1,0,154,187,115,27%,23%,40%,7,3,4,2,1,1
362,DRX,FNATIC,Fracture,51:52,13,7,6,9,6,3,MaKo,Brimstone,1.08,1.28,0.84,220,269,163,18,11,7,13,7,6,4,2,2,142,179,96,21%,25%,15%,1,1,0,2,1,1
363,DRX,FNATIC,Fracture,51:52,13,7,6,9,6,3,Zest,Fade,1.01,1.12,0.88,180,179,182,13,8,5,12,6,6,8,2,6,130,128,133,31%,35%,26%,2,2,0,2,1,1
364,DRX,FNATIC,Fracture,51:52,13,7,6,9,6,3,stax,Breach,0.70,0.20,1.30,142,59,243,11,1,10,13,9,4,4,0,4,93,51,143,26%,7%,40%,1,0,1,0,0,0
365,DRX,FNATIC,Fracture,51:52,13,7,6,9,6,3,Enzo,Breach,1.24,1.27,1.22,234,215,250,17,7,10,16,5,11,7,5,2,153,143,161,27%,22%,32%,0,0,0,1,0,1
366,DRX,FNATIC,Fracture,51:52,13,7,6,9,6,3,Boaster,Brimstone,0.99,0.88,1.09,200,196,204,11,4,7,17,9,8,15,10,5,150,142,156,28%,21%,35%,1,1,0,2,1,1
367,DRX,FNATIC,Fracture,51:52,13,7,6,9,6,3,Derke,Chamber,0.81,0.58,1.01,137,121,151,13,5,8,15,8,7,0,0,0,103,90,114,29%,18%,38%,1,1,0,9,5,4
368,DRX,FNATIC,Fracture,51:52,13,7,6,9,6,3,Mistic,Kayo,0.80,1.12,0.54,147,185,116,11,7,4,17,7,10,8,5,3,96,104,89,17%,20%,14%,2,1,1,0,0,0
369,DRX,FNATIC,Fracture,51:52,13,7,6,9,6,3,Alfajer,Neon,0.80,0.45,1.09,179,122,227,14,5,9,17,8,9,1,0,1,121,93,145,41%,45%,38%,3,0,3,3,1,2
